Math,1,100167
Math,1,100168
Math,1,100169
Math,1,100170
Math,1,100171
Math,1,100172
Math,1,100422
Math,1,100423
Math,1,100424
Math,1,100425
Math,1,100426
Math,1,100427
Math,1,100428
Math,1,100429
Math,2,200125
Math,2,200126
Math,2,200127
Math,2,200128
Math,2,200129
Math,2,200130
Math,2,200131
Math,2,200132
Math,3,300277
Math,3,300278
Math,3,300279
Math,3,300280
Math,3,300281
Math,3,300282
Math,3,300283
Math,3,300284
Math,3,300285
Math,3,300286
Math,3,300287
Math,3,300288
Math,4,400010
Math,4,400036
Math,5,500221
Math,6,600002
Math,6,600043
Math,6,600044
Math,6,600049
Math,6,600050
Math,6,600107
Math,6,600108
Math,6,600109
Math,6,600110
Math,6,600111
Math,6,600112
Math,6,600113
Math,6,600114
Math,6,600115
Math,6,600116
Math,6,600117
Math,6,600118
Math,6,600119
Math,6,600207
Math,6,601074
Math,6,601212
Math,6,601213
Math,6,601214
Math,6,601231
Math,6,601252
Math,6,601253
Math,6,601302
Math,6,601348
Math,7,700070
Math,7,700071
Math,7,700072
Math,7,700073
Math,7,700074
Math,7,700083
Math,7,700084
Math,7,700085
Math,7,700086
Math,7,700087
Math,7,700088
Math,7,700096
Math,8,800046
Math,9,900022
Math,9,900023
Math,10,1001830
Math,11,1100036
Math,11,1100037
Math,11,1100038
Math,11,1100039
Math,11,1100040
Math,11,1100041
Math,11,1100042
Math,11,1100043
Math,11,1100044
Math,11,1100045
Math,11,1100046
Math,11,1100047
Math,11,1100048
Math,11,1100049
Math,11,1100050
Math,11,1100051
Math,11,1100052
Math,11,1100053
Math,11,1100054
Math,11,1100055
Math,11,1100056
Math,11,1100057
Math,11,1100058
Math,11,1100059
Math,13,1300074
Math,13,1300075
Math,13,1300076
Math,13,1300077
Math,13,1300078
Math,13,1300079
Math,13,1300080
Math,14,1400001
Math,14,1400043
Math,14,1400044
Math,14,1400045
Math,14,1400046
Math,14,1400047
Math,14,1400048
Math,14,1400049
Math,15,1503755
Math,15,1503756
Math,15,1503757
Math,15,1503758
Math,15,1503759
Math,15,1503760
Math,15,1503761
Math,15,1503762
Math,16,1600399
Math,16,1600400
Math,16,1600401
Math,16,1600402
Math,16,1600403
Math,16,1600404
Math,16,1600405
Math,16,1600406
Math,16,1600407
Math,16,1600408
Math,16,1600409
Math,16,1600410
Math,16,1600411
Math,16,1600412
Math,16,1600413
Math,16,1600414
Math,16,1600415
Math,16,1600422
Math,16,1600423
Math,16,1600424
Math,16,1600425
Math,16,1600426
Math,16,1600427
Math,16,1600428
Math,16,1600429
Math,16,1600430
Math,16,1600431
Math,16,1600432
Math,16,1600433
Math,16,1600434
Math,16,1600435
Math,16,1600436
Math,16,1600437
Math,16,1600438
Math,16,1600439
Math,16,1600440
Math,16,1600441
Math,16,1600442
Math,16,1600443
Math,16,1600611
Math,16,1600612
Math,16,1600613
Math,16,1600614
Math,16,1600615
Math,16,1600616
Math,16,1600617
Math,16,1600618
Math,16,1600619
Math,16,1600620
Math,16,1600621
Math,16,1600622
Math,16,1600623
Math,16,1600624
Math,16,1600625
Math,16,1600626
Math,16,1600627
Math,16,1600634
Math,16,1600635
Math,16,1600636
Math,16,1600637
Math,16,1600638
Math,16,1600639
Math,16,1600640
Math,16,1600641
Math,16,1600642
Math,16,1600643
Math,16,1600644
Math,16,1600645
Math,16,1600646
Math,16,1600647
Math,16,1600648
Math,16,1600649
Math,16,1600650
Math,16,1600651
Math,16,1600652
Math,16,1600653
Math,16,1600654
Math,16,1600655
Math,16,1600656
Math,18,1800936
Math,18,1800937
Math,18,1800938
Math,18,1800939
Math,18,1800940
Math,18,1800959
Math,18,1800960
Math,18,1800961
Math,18,1800962
Math,18,1800963
Math,19,1900169
Math,19,1900170
Math,19,1900171
Math,19,1900172
Math,19,1900173
Math,19,1900174
Math,19,1900175
Math,19,1900176
Math,19,1900177
Math,19,1900178
Math,19,1900179
Math,19,1900180
Math,19,1900181
Math,19,1900182
Math,20,2000763
Math,21,2100004
Math,21,2100011
Math,21,2100017
Math,21,2100018
Math,21,2100019
Math,21,2100020
Math,21,2100021
Math,21,2100022
Math,21,2100023
Math,21,2100024
Math,21,2100025
Math,21,2100026
Math,21,2100027
Math,21,2100044
Math,21,2100045
Math,21,2100046
Math,21,2100047
Math,21,2100048
Math,21,2100049
Math,21,2100060
Math,21,2100061
Math,21,2100062
Math,21,2100063
Math,21,2100064
Math,21,2100065
Math,21,2100066
Math,21,2100067
Math,21,2100068
Math,22,2200196
Math,22,2200269
Math,23,2300287
Math,23,2300291
Math,23,2300328
Math,24,2400288
Math,24,2400326
Math,25,2500206
Math,25,2500207
Math,25,2500208
Math,25,2500209
Math,26,2600031
Math,26,2600032
Math,26,2600080
Math,26,2600081
Math,26,2600082
Math,26,2600083
Math,26,2600084
Math,26,2600085
Math,27,2700307
Math,27,2700308
Math,27,2700309
Math,27,2700310
Math,27,2700311
Math,27,2700312
Math,28,2800057
Math,28,2800058
Math,28,2800059
Math,28,2800060
Math,28,2800061
Math,29,2900095
Math,29,2900096
Math,29,2900097
Math,29,2900098
Math,29,2900099
Math,29,2900100
Math,29,2900101
Math,29,2900102
Math,29,2900103
Math,29,2900114
Math,29,2900115
Math,29,2900116
Math,29,2900117
Math,29,2900118
Math,29,2900119
Math,29,2900120
Math,29,2900121
Math,29,2900122
Math,29,2900123
Math,29,2900124
Math,29,2900125
Math,29,2900126
Math,30,3000063
Math,30,3000064
Math,30,3000065
Math,30,3000066
Math,31,3100011
Math,31,3100015
Math,31,3100016
Math,31,3100017
Math,31,3100018
Math,31,3100019
Math,31,3100020
Math,31,3100021
Math,31,3100022
Math,31,3100023
Math,31,3100024
Math,31,3100025
Math,31,3100026
Math,31,3100027
Math,31,3100028
Math,31,3100029
Math,31,3100030
Math,31,3100031
Math,31,3100032
Math,31,3100033
Math,31,3100034
Math,31,3100035
Math,31,3100036
Math,31,3100037
Math,31,3100038
Math,31,3100039
Math,31,3100040
Math,31,3100041
Math,31,3100042
Math,31,3100043
Math,31,3100044
Math,31,3100045
Math,31,3100046
Math,31,3100047
Math,31,3100048
Math,31,3100049
Math,31,3100050
Math,31,3100051
Math,31,3100052
Math,31,3100064
Math,31,3100065
Math,31,3100066
Math,32,3200007
Math,32,3200008
Math,33,3300234
Math,33,3300235
Math,33,3300236
Math,33,3300237
Math,33,3300238
Math,33,3300239
Math,33,3300240
Math,34,3400035
Math,35,3500001
Math,35,3500002
Math,36,3600237
Math,36,3600238
Math,36,3600239
Math,36,3600240
Math,36,3600241
Math,36,3600242
Math,36,3600243
Math,36,3600244
Math,36,3600245
Math,36,3600261
Math,36,3600262
Math,36,3600263
Math,36,3600264
Math,36,3600265
Math,36,3600266
Math,36,3600267
Math,36,3600268
Math,36,3600269
Math,36,3600270
Math,37,3700491
Math,37,3700492
Math,37,3700494
Math,37,3700495
Math,37,3700496
Math,37,3700497
Math,37,3700498
Math,37,3700499
Math,37,3700500
Math,37,3700501
Math,37,3700502
Math,37,3700503
Math,37,3700504
Math,37,3700505
Math,37,3700506
Math,37,3700507
Math,37,3700508
Math,37,3700509
Math,37,3700510
Math,37,3700535
Math,37,3700536
Math,37,3700538
Math,37,3700539
Math,37,3700540
Math,37,3700541
Math,37,3700542
Math,37,3700543
Math,37,3700544
Math,37,3700545
Math,37,3700546
Math,37,3700547
Math,37,3700548
Math,37,3700549
Math,37,3700550
Math,37,3700551
Math,37,3700552
Math,37,3700553
Math,37,3700554
Math,39,3900114
Math,39,3900115
Math,39,3900116
Math,39,3900117
Math,39,3900118
Math,39,3900119
Math,39,3900120
Math,39,3900121
Math,39,3900122
Math,39,3900123
Math,39,3900124
Math,39,3900125
Math,39,3900126
Math,39,3900127
Math,39,3900128
Math,39,3900129
Math,39,3900130
Math,39,3900131
Math,39,3900132
Math,39,3900133
Math,39,3900134
Math,40,4000172
Math,40,4000173
Math,40,4000174
Math,40,4000175
Math,40,4000176
Math,40,4000177
Math,40,4000178
Math,40,4000179
Math,40,4000180
Math,40,4000181
Math,40,4000182
Math,40,4000183
Math,40,4000184
Math,40,4000185
Math,40,4000186
Math,40,4000187
Math,40,4000188
Math,40,4000189
Math,40,4000190
Math,40,4000191
Math,40,4000192
Math,40,4000193
Math,40,4000194
Math,40,4000195
Math,40,4000196
Math,40,4000197
Math,40,4000198
Math,40,4000199
Math,40,4000200
Math,40,4000201
Math,40,4000202
Math,40,4000203
Math,40,4000204
Math,40,4000205
Math,40,4000206
Math,40,4000207
Math,40,4000208
Math,40,4000209
Math,40,4000212
Math,40,4000213
Math,40,4000214
Math,40,4000215
Math,40,4000216
Math,40,4000217
Math,40,4000218
Math,40,4000219
Math,40,4000220
Math,40,4000221
Math,40,4000222
Math,40,4000223
Math,40,4000224
Math,40,4000225
Math,40,4000226
Math,40,4000227
Math,40,4000228
Math,40,4000229
Math,40,4000230
Math,40,4000231
Math,40,4000232
Math,40,4000233
Math,40,4000234
Math,40,4000235
Math,40,4000236
Math,40,4000237
Math,40,4000238
Math,40,4000239
Math,40,4000240
Math,40,4000241
Math,40,4000242
Math,40,4000243
Math,40,4000244
Math,41,4100154
Math,41,4100155
Math,41,4100156
Math,41,4100157
Math,41,4100158
Math,41,4100159
Math,42,4200331
Math,42,4200332
Math,42,4200333
Math,42,4200334
Math,42,4200335
Math,42,4200336
Math,42,4200337
Math,42,4200338
Math,42,4200339
Math,42,4200340
Math,42,4200341
Math,42,4200342
Math,43,4300030
Math,44,4400087
Math,45,4500001
Math,45,4500002
Math,45,4500003
Math,45,4500004
Math,45,4500005
Math,45,4500006
Math,45,4500007
Math,46,4600107
Math,46,4600195
Math,47,4700028
Math,47,4700029
Math,47,4700030
Math,47,4700031
Math,47,4700032
Math,47,4700033
Math,47,4700034
Math,47,4700035
Math,47,4700036
Math,47,4700037
Math,47,4700038
Math,47,4700039
Math,47,4700040
Math,47,4700112
Math,47,4700113
Math,47,4700114
Math,47,4700199
Math,48,4800074
Math,48,4800075
Math,48,4800076
Math,49,4900091
Math,49,4900100
Math,49,4900103
Math,49,4900112
Math,50,5000073
Math,51,5100074
Math,51,5100075
Math,51,5100076
Math,51,5100077
Math,51,5100078
Math,51,5100079
Math,51,5100080
Math,51,5100081
Math,51,5100082
Math,51,5100083
Math,51,5100084
Math,51,5100085
Math,51,5100086
Math,51,5100087
Math,51,5100088
Math,51,5100089
Math,51,5100090
Math,51,5100091
Math,51,5100092
Math,52,5200589
Math,52,5200590
Math,52,5200591
Math,52,5200592
Math,52,5200593
Math,52,5200594
Math,52,5200595
Math,52,5200601
Math,52,5200602
Math,52,5200603
Math,52,5200604
Math,52,5200605
Math,52,5200608
Math,52,5200609
Math,52,5200610
Math,53,5300075
Math,53,5300076
Math,53,5300077
Math,55,5500491
Math,55,5500492
Math,55,5500493
Math,55,5500494
Math,55,5500495
Math,55,5500496
Math,55,5500497
Math,55,5500498
Math,55,5500499
Math,55,5500500
Math,55,5500501
Math,55,5500502
Math,55,5500503
Math,55,5500504
Math,55,5500505
Math,55,5500506
Math,55,5500507
Math,55,5500508
Math,55,5500509
Math,55,5500510
Math,55,5500511
Math,55,5500512
Math,55,5500513
Math,55,5500514
Math,55,5500515
Math,55,5500516
Math,55,5500517
Math,55,5500518
Math,55,5500519
Math,55,5500520
Math,55,5500521
Math,55,5500522
Math,55,5500523
Math,55,5500524
Math,55,5500525
Math,55,5500526
Math,55,5500527
Math,55,5500528
Math,55,5500529
Math,55,5500530
Math,55,5500531
Math,55,5500532
Math,55,5500533
Math,55,5500534
Math,55,5500535
Math,55,5500536
Math,55,5500537
Math,55,5500538
Math,55,5500539
Math,55,5500540
Math,55,5500541
Math,55,5500542
Math,55,5500543
Math,55,5500544
Math,55,5500545
Math,55,5500546
Math,55,5500547
Math,55,5500548
Math,55,5500549
Math,55,5500550
Math,55,5500551
Math,55,5500552
Math,55,5500553
Math,55,5500554
Math,55,5500555
Math,55,5500556
Math,55,5500557
Math,55,5500558
Math,55,5500559
Math,55,5500560
Math,55,5500561
Math,55,5500562
Math,55,5500563
Math,55,5500564
Math,55,5500565
Math,55,5500566
Math,55,5500567
Math,55,5500568
Math,55,5500569
Math,55,5500570
Math,55,5500571
Math,55,5500572
Math,55,5500573
Math,55,5500574
Math,55,5500575
Math,55,5500576
Math,55,5500577
Math,55,5500578
Math,55,5500579
Math,55,5500580
Math,55,5500581
Math,55,5500582
Math,55,5500583
Math,55,5500584
Math,55,5500585
Math,55,5500586
Math,55,5500587
Math,55,5500588
Math,55,5500589
Math,55,5500590
Math,55,5500591
Math,55,5500592
Math,55,5500593
Math,55,5500594
Math,55,5500595
Math,55,5500596
Math,55,5500597
Math,55,5500598
Math,55,5500599
Math,55,5500600
Math,55,5500601
Math,55,5500602
Math,55,5500603
Math,55,5500604
Math,55,5500605
Math,55,5500606
Math,55,5500607
Math,55,5500608
Math,55,5500609
Math,55,5500610
Math,55,5500611
Math,55,5500612
Math,56,5600100
Math,56,5600101
Math,56,5600102
Math,56,5600103
Math,56,5600104
Math,57,5700033
Math,57,5700034
Math,58,5800008
Math,60,6000047
Math,60,6000048
Math,60,6000049
Math,60,6000050
Math,60,6000051
Math,60,6000052
Math,60,6000053
Math,60,6000054
Math,60,6000055
Math,60,6000056
Math,60,6000057
Math,60,6000058
Math,60,6000059
Math,60,6000060
Math,62,6200006
Math,62,6200007
Math,62,6200008
Math,62,6200009
Math,62,6200010
Math,62,6200011
Math,62,6200016
Math,62,6200017
Math,62,6200018
Math,62,6200019
Math,62,6200020
Math,62,6200021
Math,62,6200022
Math,62,6200023
Math,62,6200024
Math,62,6200025
Math,62,6200026
Math,62,6200027
Math,62,6200028
Math,62,6200029
Math,63,6300331
Math,64,6400026
Math,64,6400033
Math,64,6400034
Math,64,6400035
Math,64,6400036
Math,64,6400041
Math,64,6400098
Math,64,6400099
Math,64,6400100
Math,64,6400101
Math,64,6400102
Math,64,6400128
Math,64,6400348
Math,64,6400349
Math,64,6400350
Math,64,6400351
Math,64,6400352
Math,64,6400353
Math,65,6500049
Math,65,6500050
Math,65,6500051
Math,65,6500052
Math,65,6500059
Math,65,6500060
Math,65,6500061
Math,65,6500062
Math,65,6500063
Math,65,6500064
Math,65,6500065
Math,65,6500066
Math,65,6500067
Math,66,6600014
Math,66,6600015
Math,66,6600016
Math,66,6600020
Math,66,6600021
Math,66,6600022
Math,66,6600023
Math,66,6600024
Math,66,6600025
Math,66,6600026
Math,66,6600037
Math,66,6600038
Math,66,6600039
Math,66,6600282
Math,66,6600283
Math,66,6600284
Math,66,6600332
Math,66,6600334
Math,67,6700006
Math,67,6700007
Math,67,6700008
Math,68,6800003
Math,68,6800031
Math,68,6800033
Math,68,6800107
Math,68,6800153
Math,68,6800356
Math,68,6800357
Math,68,6800358
Math,68,6800359
Math,68,6800386
Math,69,6900083
Math,69,6900084
Math,69,6900085
Math,69,6900086
Math,69,6900087
Math,69,6900088
Math,69,6900089
Math,69,6900090
Math,70,7000010
Math,71,7100140
Math,71,7100141
Math,71,7100142
Math,71,7100143
Math,71,7100144
Math,71,7100145
Math,71,7100146
Math,71,7100147
Math,71,7100388
Math,71,7100389
Math,71,7100390
Math,71,7100391
Math,71,7100392
Math,71,7100393
Math,71,7100394
Math,71,7100395
Math,73,7300028
Math,73,7300029
Math,73,7300030
Math,74,7400079
Math,74,7400081
Math,74,7400082
Math,74,7400083
Math,74,7400084
Math,74,7400085
Math,74,7400086
Math,74,7400087
Math,74,7400088
Math,74,7400089
Math,74,7400090
Math,74,7400091
Math,74,7400092
Math,74,7400093
Math,74,7400094
Math,74,7400095
Math,74,7400096
Math,74,7400097
Math,74,7400098
Math,74,7400099
Math,74,7400100
Math,74,7400101
Math,74,7400102
Math,75,7500045
Math,76,7600085
Math,76,7600086
Math,76,7600087
Math,76,7600088
Math,76,7600089
Math,76,7600090
Math,76,7600091
Math,76,7600092
Math,76,7600093
Math,76,7600094
Math,76,7600095
Math,76,7600096
Math,76,7600097
Math,76,7600098
Math,76,7600099
Math,76,7600100
Math,76,7600105
Math,76,7600106
Math,76,7600107
Math,76,7600111
Math,76,7600112
Math,76,7600113
Math,76,7600114
Math,76,7600115
Math,76,7600116
Math,76,7600117
Math,76,7600118
Math,76,7600150
Math,76,7600151
Math,76,7600152
Math,76,7600153
Math,76,7600154
Math,76,7600155
Math,76,7600156
Math,76,7600157
Math,76,7600158
Math,76,7600209
Math,76,7600210
Math,76,7600211
Math,76,7600212
Math,76,7600213
Math,76,7600214
Math,76,7600215
Math,76,7600216
Math,76,7600217
Math,76,7600218
Math,76,7600219
Math,76,7600220
Math,76,7600221
Math,76,7600222
Math,76,7600223
Math,76,7600224
Math,76,7600229
Math,76,7600230
Math,76,7600231
Math,76,7600235
Math,76,7600236
Math,76,7600237
Math,76,7600238
Math,76,7600239
Math,76,7600240
Math,76,7600241
Math,76,7600242
Math,76,7600274
Math,76,7600275
Math,76,7600276
Math,76,7600277
Math,76,7600278
Math,76,7600279
Math,76,7600280
Math,76,7600281
Math,76,7600282
Math,77,7700376
Math,78,7800050
Math,78,7800051
Math,78,7800052
Math,78,7800053
Math,78,7800054
Math,78,7800055
Math,78,7800056
Math,78,7800057
Math,78,7800058
Math,78,7800059
Math,78,7800060
Math,78,7800061
Math,78,7800062
Math,78,7800063
Math,78,7800064
Math,78,7800065
Math,79,7901226
Math,79,7901227
Math,79,7901231
Math,79,7901232
Math,79,7901233
Math,79,7901234
Math,80,8001607
Math,80,8001608
Math,80,8001609
Math,80,8001610
Math,80,8001611
Math,80,8001612
Math,80,8001613
Math,81,8100910
Math,81,8100911
Math,81,8100912
Math,81,8100913
Math,81,8100914
Math,81,8100915
Math,81,8100916
Math,81,8100917
Math,81,8100918
Math,81,8100919
Math,81,8100920
Math,81,8100921
Math,81,8100922
Math,81,8100923
Math,81,8100924
Math,81,8100925
Math,81,8100926
Math,81,8100927
Math,81,8100928
Math,81,8100929
Math,81,8100930
Math,81,8100931
Math,81,8102754
Math,81,8102755
Math,81,8102756
Math,81,8102757
Math,81,8102758
Math,82,8200030
Math,82,8200031
Math,82,8200032
Math,82,8200033
Math,82,8200034
Math,82,8200035
Math,82,8200036
Math,83,8300193
Math,83,8300194
Math,83,8300272
Math,83,8300280
Math,83,8300281
Math,83,8300282
Math,83,8300283
Math,84,8400005
Math,84,8400024
Math,84,8400025
Math,84,8400026
Math,84,8400027
Math,85,8500056
Math,85,8500057
Math,85,8500058
Math,85,8500059
Math,86,8600033
Math,86,8600034
Math,87,8700193
Math,87,8700194
Math,87,8700195
Math,87,8700196
Math,87,8700197
Math,87,8700198
Math,87,8700200
Math,87,8700201
Math,87,8700202
Math,87,8700203
Math,88,8800270
Math,88,8800279
Math,88,8800280
Math,88,8800281
Math,88,8800282
Math,88,8800283
Math,90,9000010
Math,91,9100149
Math,91,9100150
Math,91,9100151
Math,91,9100152
Math,91,9100153
Math,91,9100154
Math,91,9100155
Math,91,9100156
Math,92,9200058
Math,92,9200059
Math,92,9200060
Math,92,9200061
Math,92,9200062
Math,92,9200063
Math,92,9200064
Math,92,9200065
Math,92,9200066
Math,92,9200067
Math,92,9200068
Math,92,9200069
Math,92,9200070
Math,92,9200071
Math,92,9200072
Math,92,9200073
Math,92,9200074
Math,92,9200075
Math,92,9200076
Math,92,9200077
Math,92,9200078
Math,92,9200079
Math,92,9200080
Math,92,9200081
Math,92,9200082
Math,92,9200083
Math,92,9200084
Math,92,9200085
Math,92,9200086
Math,92,9200087
Math,92,9200088
Math,92,9200089
Math,92,9200090
Math,92,9200091
Math,92,9200092
Math,92,9200093
Math,92,9200094
Math,92,9200095
Math,92,9200096
Math,92,9200097
Math,92,9200098
Math,92,9200099
Math,92,9200100
Math,92,9200101
Math,92,9200102
Math,92,9200103
Math,92,9200104
Math,92,9200105
Math,92,9200106
Math,92,9200107
Math,92,9200108
Math,92,9200109
Math,92,9200110
Math,92,9200111
Math,92,9200112
Math,92,9200113
Math,92,9200114
Math,92,9200115
Math,92,9200116
Math,92,9200117
Math,92,9200118
Math,92,9200119
Math,92,9200120
Math,92,9200121
Math,92,9200122
Math,92,9200123
Math,92,9200124
Math,92,9200125
Math,92,9200126
Math,92,9200127
Math,92,9200128
Math,92,9200129
Math,92,9200130
Math,92,9200131
Math,92,9200132
Math,92,9200133
Math,92,9200134
Math,92,9200135
Math,92,9200136
Math,92,9200137
Math,92,9200138
Math,92,9200139
Math,92,9200140
Math,92,9200141
Math,92,9200142
Math,92,9200143
Math,92,9200144
Math,92,9200145
Math,92,9200146
Math,92,9200147
Math,92,9200148
Math,92,9200149
Math,92,9200150
Math,92,9200151
Math,92,9200152
Math,92,9200153
Math,92,9200154
Math,92,9200155
Math,92,9200157
Math,92,9200158
Math,92,9200159
Math,92,9200160
Math,92,9200161
Math,92,9200162
Math,92,9200163
Math,92,9200164
Math,92,9200165
Math,92,9200166
Math,92,9200167
Math,92,9200168
Math,92,9200169
Math,92,9200170
Math,92,9200171
Math,92,9200172
Math,92,9200173
Math,92,9200174
Math,92,9200175
Math,92,9200176
Math,92,9200177
Math,92,9200178
Math,92,9200179
Math,92,9200180
Math,92,9200181
Math,92,9200182
Math,92,9200183
Math,92,9200184
Math,92,9200185
Math,92,9200186
Math,92,9200187
Math,92,9200188
Math,92,9200189
Math,92,9200190
Math,92,9200191
Math,92,9200192
Math,92,9200193
Math,92,9200194
Math,92,9200195
Math,92,9200196
Math,92,9200197
Math,92,9200198
Math,92,9200199
Math,92,9200200
Math,92,9200201
Math,92,9200202
Math,92,9200203
Math,92,9200204
Math,92,9200205
Math,92,9200206
Math,92,9200222
Math,92,9200223
Math,92,9200224
Math,92,9200225
Math,93,9300184
Math,93,9300185
Math,93,9300186
Math,93,9300187
Math,93,9300188
Math,93,9300189
Math,93,9300190
Math,93,9300191
Math,93,9300192
Math,93,9300193
Math,93,9300198
Math,93,9300199
Math,93,9300200
Math,93,9300201
Math,93,9300202
Math,93,9300207
Math,93,9300208
Math,94,9400168
Math,94,9400169
Math,94,9400170
Math,94,9400171
Math,94,9400172
Math,94,9400173
Math,94,9400174
Math,94,9400175
Math,94,9400176
Math,94,9400177
Math,94,9400178
Math,94,9400179
Math,94,9400180
Math,94,9400181
Math,95,9500054
Math,95,9500055
Math,95,9500056
Math,95,9500057
Math,95,9500058
Math,96,9600182
Math,96,9600183
Math,96,9600184
Math,96,9600185
Math,96,9600186
Math,96,9600187
Math,96,9600188
Math,96,9600189
Math,97,9700039
Math,97,9700040
Math,97,9700041
Math,97,9700042
Math,97,9700043
Math,97,9700044
Math,97,9700045
Math,97,9700046
Math,97,9700047
Math,97,9700048
Math,98,9800400
Math,98,9801092
Math,99,9900424
Math,99,9900425
Math,99,9900426
Math,99,9900427
Math,99,9900428
Math,99,9900429
Math,99,9900430
Math,99,9900606
Math,99,9900607
Math,100,10000082
Math,100,10000114
Math,100,10000117
Math,101,10100071
Math,101,10100072
Math,101,10100073
Math,101,10100074
Math,101,10100078
Math,101,10100079
Math,101,10100080
Math,102,10200016
Math,102,10200017
Math,102,10200018
Math,102,10200019
Math,102,10200020
Math,102,10200021
Math,102,10200022
Math,102,10200023
Math,102,10200024
Math,102,10200025
Math,102,10200026
Math,102,10200027
Math,102,10200028
Math,102,10200029
Math,102,10200030
Math,102,10200031
Math,102,10200032
Math,102,10200038
Math,102,10200039
Math,102,10200040
Math,102,10200041
Math,102,10200042
Math,102,10200043
Math,102,10200044
Math,102,10200045
Math,102,10200046
Math,102,10200047
Math,102,10200048
Math,102,10200049
Math,102,10200050
Math,102,10200051
Math,102,10200052
Math,102,10200053
Math,102,10200054
Math,102,10200055
Math,102,10200056
Math,102,10200057
Math,102,10200058
Math,102,10200059
Math,102,10200060
Math,103,10300039
Math,103,10300040
Math,103,10300041
Math,103,10300042
Math,103,10300043
Math,103,10300044
Math,105,10500150
Math,105,10500151
Math,105,10500152
Math,105,10500153
Math,105,10500154
Math,105,10500155
Math,105,10500156
Math,105,10500157
Math,105,10500158
Math,105,10500159
Math,105,10500160
Math,105,10500161
Math,105,10500162
Math,105,10500163
Math,106,10600034
Math,106,10600035
Math,106,10600036
Math,106,10600040
Math,106,10600041
Math,106,10600042
