Mockito,1,100063
Mockito,1,100064
Mockito,1,100065
Mockito,1,100066
Mockito,1,100067
Mockito,1,100068
Mockito,1,100069
Mockito,1,100070
Mockito,2,200001
Mockito,2,200009
Mockito,2,200010
Mockito,2,200011
Mockito,2,200012
Mockito,2,200013
Mockito,2,200014
Mockito,3,300066
Mockito,3,300067
Mockito,3,300068
Mockito,3,300069
Mockito,3,300070
Mockito,3,300076
Mockito,3,300077
Mockito,3,300078
Mockito,3,300079
Mockito,3,300080
Mockito,4,400016
Mockito,6,600002
Mockito,6,600003
Mockito,6,600004
Mockito,6,600005
Mockito,6,600006
Mockito,6,600007
Mockito,6,600008
Mockito,6,600009
Mockito,6,600010
Mockito,6,600012
Mockito,6,600013
Mockito,6,600014
Mockito,6,600015
Mockito,6,600016
Mockito,6,600017
Mockito,6,600018
Mockito,6,600019
Mockito,6,600020
Mockito,6,600021
Mockito,6,600022
Mockito,7,700072
Mockito,8,800012
Mockito,9,900001
Mockito,9,900002
Mockito,10,1000012
Mockito,10,1000013
Mockito,10,1000014
Mockito,10,1000016
Mockito,10,1000017
Mockito,11,1100013
Mockito,11,1100014
Mockito,11,1100015
Mockito,12,1200007
Mockito,13,1300012
Mockito,13,1300015
Mockito,14,1400020
Mockito,14,1400089
Mockito,14,1400090
Mockito,14,1400091
Mockito,15,1500006
Mockito,15,1500007
Mockito,16,1600009
Mockito,16,1600039
Mockito,16,1600040
Mockito,17,1700009
Mockito,17,1700010
Mockito,17,1700011
Mockito,17,1700042
Mockito,17,1700043
Mockito,17,1700044
Mockito,17,1700072
Mockito,18,1800024
Mockito,18,1800025
Mockito,19,1900021
Mockito,19,1900033
Mockito,19,1900044
Mockito,19,1900045
Mockito,19,1900046
Mockito,19,1900047
Mockito,19,1900048
Mockito,19,1900049
Mockito,19,1900050
Mockito,19,1900051
Mockito,19,1900052
Mockito,19,1900053
Mockito,19,1900054
Mockito,19,1900055
Mockito,19,1900056
Mockito,19,1900057
Mockito,20,2000004
Mockito,20,2000005
Mockito,21,2100004
Mockito,21,2100005
Mockito,21,2100006
Mockito,21,2100007
Mockito,21,2100008
Mockito,21,2100009
Mockito,21,2100010
Mockito,21,2100011
Mockito,21,2100012
Mockito,22,2200001
Mockito,22,2200002
Mockito,22,2200003
Mockito,22,2200004
Mockito,22,2200005
Mockito,23,2300003
Mockito,23,2300004
Mockito,23,2300009
Mockito,23,2300010
Mockito,23,2300011
Mockito,23,2300012
Mockito,23,2300027
Mockito,23,2300028
Mockito,24,2400012
Mockito,24,2400013
Mockito,24,2400014
Mockito,24,2400015
Mockito,24,2400016
Mockito,24,2400017
Mockito,24,2400018
Mockito,25,2500007
Mockito,25,2500013
Mockito,25,2500014
Mockito,25,2500015
Mockito,25,2500016
Mockito,25,2500017
Mockito,25,2500018
Mockito,25,2500019
Mockito,25,2500020
Mockito,26,2600051
Mockito,26,2600052
Mockito,26,2600053
Mockito,27,2700020
Mockito,28,2800015
Mockito,28,2800016
Mockito,29,2900005
Mockito,29,2900006
Mockito,30,3000018
Mockito,31,3100006
Mockito,31,3100007
Mockito,31,3100008
Mockito,31,3100009
Mockito,31,3100010
Mockito,31,3100011
Mockito,31,3100012
Mockito,31,3100013
Mockito,31,3100014
Mockito,32,3200011
Mockito,33,3300041
Mockito,33,3300042
Mockito,33,3300043
Mockito,33,3300044
Mockito,33,3300045
Mockito,33,3300046
Mockito,33,3300047
Mockito,33,3300048
Mockito,33,3300049
Mockito,33,3300050
Mockito,33,3300051
Mockito,33,3300052
Mockito,33,3300053
Mockito,34,3400044
Mockito,34,3400045
Mockito,34,3400046
Mockito,34,3400047
Mockito,34,3400048
Mockito,35,3500022
Mockito,35,3500031
Mockito,35,3500033
Mockito,36,3600114
Mockito,36,3600115
Mockito,36,3600116
Mockito,37,3700005
Mockito,37,3700006
Mockito,37,3700007
Mockito,37,3700008
Mockito,38,3800020
